emulation/deviceModeToolbar.css, 1
ui/remoteDebuggingTerminatedScreen.css, 1
emulation/devicesSettingsTab.css, 2
emulation/inspectedPagePlaceholder.css, 2
layer_viewer/layerDetailsView.css, 2
media/mediaView.css, 2
media/playerListView.css, 2
media/playerPropertiesView.css, 2
network/requestHeadersView.css, 2
object_ui/objectPopover.css, 2
ui/rootView.css, 2
console/consoleContextSelector.css, 3
network/requestCookiesView.css, 3
profiler/liveHeapProfile.css, 3
source_frame/resourceSourceFrame.css, 3
text_editor/autocompleteTooltip.css, 3
coverage/coverageView.css, 4
developer_resources/developerResourcesView.css, 4
emulation/locationsSettingsTab.css, 4
inline_editor/bezierSwatch.css, 4
inline_editor/cssShadowSwatch.css, 4
layer_viewer/paintProfiler.css, 4
network/networkConfigView.css, 4
perf_ui/timelineGrid.css, 4
resources/resourcesSidebar.css, 4
settings/frameworkBlackboxSettingsTab.css, 4
timeline/timelineFlamechartPopover.css, 4
timeline/timelinePaintProfiler.css, 4
ui/dropTarget.css, 4
ui/inlineButton.css, 4
elements/elementStatePaneWidget.css, 5
input/inputTimeline.css, 5
mobile_throttling/throttlingSettingsTab.css, 5
persistence/workspaceSettingsTab.css, 5
ui/progressIndicator.css, 5
ui/radioButton.css, 5
ui/tooltip.css, 5
cookie_table/cookiesTable.css, 6
elements/computedStyleSidebarPane.css, 6
layer_viewer/layers3DView.css, 6
perf_ui/filmStripView.css, 6
timeline/historyToolbarButton.css, 6
ui/glassPane.css, 6
ui/softDropDownButton.css, 6
console_counters/warningErrorCounter.css, 7
elements/classesPaneWidget.css, 7
elements/platformFontsWidget.css, 7
network/signedExchangeInfoTree.css, 7
source_frame/xmlTree.css, 7
changes/changesSidebar.css, 8
performance_monitor/performanceMonitor.css, 8
search/searchView.css, 8
ui/textPrompt.css, 8
profiler/profilesSidebarTree.css, 9
security/originView.css, 9
elements/elementsPanel.css, 10
timeline/timelineHistoryManager.css, 10
ui/slider.css, 11
ui/smallBubble.css, 11
elements/stylesSectionTree.css, 12
object_ui/objectPropertiesSection.css, 12
resources/backgroundServiceView.css, 12
sources/breakpointEditDialog.css, 12
sources/debuggerPausedMessage.css, 12
sources/threadsSidebarPane.css, 12
security/sidebar.css, 13
sources/navigatorTree.css, 13
ui/listWidget.css, 13
ui/splitWidget.css, 13
ui/viewContainers.css, 13
perf_ui/chartViewport.css, 15
perf_ui/flameChart.css, 15
sources/watchExpressionsSidebarPane.css, 15
elements/computedStyleWidgetTree.css, 16
search/searchResultsPane.css, 16
timeline/timelineStatusDialog.css, 16
ui/searchableView.css, 16
ui/softDropDown.css, 16
browser_debugger/xhrBreakpointsSidebarPane.css, 17
webauthn/webauthnPane.css, 17
console/consoleSidebar.css, 18
emulation/sensors.css, 18
network/webSocketFrameView.css, 18
protocol_monitor/protocolMonitor.css, 18
resources/serviceWorkerCacheViews.css, 18
emulation/mediaQueryInspector.css, 19
media/playerMessagesView.css, 19
sources/javaScriptBreakpointsSidebarPane.css, 19
settings/settingsScreen.css, 20
ui/checkboxTextLabel.css, 20
ui/filter.css, 20
object_ui/objectValue.css, 21
changes/changesView.css, 22
cm/codemirror.css, 22
help/releaseNote.css, 22
profiler/profilesPanel.css, 22
elements/metricsSidebarPane.css, 23
event_listeners/eventListenersView.css, 24
inline_editor/cssShadowEditor.css, 24
screencast/screencastView.css, 24
settings/keybindsSettingsTab.css, 24
ui/suggestBox.css, 24
inline_editor/fontEditor.css, 24
sources/callStackSidebarPane.css, 25
network/networkPanel.css, 26
ui/segmentedButton.css, 26
console/consolePinPane.css, 27
perf_ui/overviewGrid.css, 28
profiler/heapProfiler.css, 28
quick_open/filteredListWidget.css, 28
security/mainView.css, 29
ui/infobar.css, 29
coverage/coverageListView.css, 33
network/requestHeadersTree.css, 35
security/lockIcon.css, 35
network/networkTimingTable.css, 40
css_overview/cssOverviewCompletedView.css, 41
sources/sourcesView.css, 41
emulation/deviceModeView.css, 44
profiler/profileLauncherView.css, 44
inline_editor/bezierEditor.css, 52
issues/issuesTree.css, 52
ui/treeoutline.css, 53
elements/stylesSidebarPane.css, 57
ui/softContextMenu.css, 57
ui/tabbedPane.css, 57
network/networkLogView.css, 66
ui/textButton.css, 69
data_grid/dataGrid.css, 70
elements/elementsTreeOutline.css, 79
ui/inspectorSyntaxHighlight.css, 79
ui/inspectorSyntaxHighlightDark.css, 79
ui/inspectorStyle.css, 85
ui/inspectorCommon.css, 106
ui/toolbar.css, 106
timeline/timelinePanel.css, 108
console/consoleView.css, 140
color_picker/spectrum.css, 158
text_editor/cmdevtools.css, 274
third_party/lighthouse/report-assets/report.css, 413